indice_tiempo,emisivo_aerea_bolivia,emisivo_aerea_europa,emisivo_aerea_chile,emisivo_aerea_paraguay,emisivo_aerea_brasil,emisivo_aerea_ee_uu_y_canada,emisivo_aerea_resto_de_america,emisivo_aerea_resto_del_mundo,emisivo_aerea_uruguay,emisivo_terrestre_bolivia,emisivo_terrestre_europa,emisivo_terrestre_chile,emisivo_terrestre_paraguay,emisivo_terrestre_brasil,emisivo_terrestre_ee_uu_y_canada,emisivo_terrestre_resto_de_america,emisivo_terrestre_resto_del_mundo,emisivo_terrestre_uruguay,emisivo_fluvial_maritima_bolivia,emisivo_fluvial_maritima_europa,emisivo_fluvial_maritima_chile,emisivo_fluvial_maritima_paraguay,emisivo_fluvial_maritima_brasil,emisivo_fluvial_maritima_ee_uu_y_canada,emisivo_fluvial_maritima_resto_de_america,emisivo_fluvial_maritima_resto_del_mundo,emisivo_fluvial_maritima_uruguay,receptivo_aerea_bolivia,receptivo_aerea_europa,receptivo_aerea_chile,receptivo_aerea_paraguay,receptivo_aerea_brasil,receptivo_aerea_ee_uu_y_canada,receptivo_aerea_resto_de_america,receptivo_aerea_resto_del_mundo,receptivo_aerea_uruguay,receptivo_terrestre_bolivia,receptivo_terrestre_europa,receptivo_terrestre_chile,receptivo_terrestre_paraguay,receptivo_terrestre_brasil,receptivo_terrestre_ee_uu_y_canada,receptivo_terrestre_resto_de_america,receptivo_terrestre_resto_del_mundo,receptivo_terrestre_uruguay,receptivo_fluvial_maritima_bolivia,receptivo_fluvial_maritima_europa,receptivo_fluvial_maritima_chile,receptivo_fluvial_maritima_paraguay,receptivo_fluvial_maritima_brasil,receptivo_fluvial_maritima_ee_uu_y_canada,receptivo_fluvial_maritima_resto_de_america,receptivo_fluvial_maritima_resto_del_mundo,receptivo_fluvial_maritima_uruguay,balanza_aerea_bolivia,balanza_aerea_europa,balanza_aerea_chile,balanza_aerea_paraguay,balanza_aerea_brasil,balanza_aerea_ee_uu_y_canada,balanza_aerea_resto_de_america,balanza_aerea_resto_del_mundo,balanza_aerea_uruguay,balanza_terrestre_bolivia,balanza_terrestre_europa,balanza_terrestre_chile,balanza_terrestre_paraguay,balanza_terrestre_brasil,balanza_terrestre_ee_uu_y_canada,balanza_terrestre_resto_de_america,balanza_terrestre_resto_del_mundo,balanza_terrestre_uruguay,balanza_fluvial_maritima_bolivia,balanza_fluvial_maritima_europa,balanza_fluvial_maritima_chile,balanza_fluvial_maritima_paraguay,balanza_fluvial_maritima_brasil,balanza_fluvial_maritima_ee_uu_y_canada,balanza_fluvial_maritima_resto_de_america,balanza_fluvial_maritima_resto_del_mundo,balanza_fluvial_maritima_uruguay
2016-01-01,4196,32038,28185,3093,104681,55222,76330,12649,15601,50456,520,335435,128491,361086,279,3666,234,168571,6496,733,11519,9920,27243,1210,334,84,102277,7842,75533,16396,5093,38487,39785,35648,19267,3123,65510,36561,131502,78697,44415,7767,16767,16249,29126,8599,21936,2487,7436,36245,19143,6935,6360,23048,3645,43495,-11789,2000,-66194,-15437,-40681,6617,-12477,15054,36041,-203933,-49793,-316671,7487,13100,16015,-139444,2103,21203,-9031,-2484,9001,17933,6600,6275,-79229
2016-02-01,6287,43823,28663,2604,101688,60999,86741,15606,12678,63329,429,313945,97491,328557,230,3023,193,177215,4774,369,12530,9692,27396,718,1080,116,100631,6078,57767,22602,4035,23715,28328,25223,17812,3169,42931,33869,184788,66448,29053,7469,12519,13907,28694,4159,27797,4416,6596,30032,19220,4702,6656,24035,-208,13943,-6061,1430,-77973,-32671,-61518,2205,-9509,-20398,33439,-129157,-31043,-299504,7238,9496,13714,-148520,-615,27428,-8114,-3096,2635,18502,3621,6539,-76596
2016-03-01,4249,45705,25517,2338,98355,70368,70845,16015,7081,34113,429,193075,68557,136954,230,3027,193,90377,6323,50,4854,7566,10690,95,184,16,63288,5110,57646,18059,5093,26809,32053,29163,16022,5247,30151,31109,84208,65532,24475,6732,12564,9749,39941,6049,17406,1785,6149,10810,16441,7026,5108,36770,861,11941,-7458,2755,-71546,-38315,-41682,6,-1833,-3961,30680,-108867,-3024,-112478,6502,9537,9556,-50435,-274,17355,-3068,-1417,119,16346,6841,5091,-26518
2016-04-01,3201,44351,22725,2868,66140,65311,67930,14921,5121,28300,181,113887,66681,53902,97,1277,81,27907,5602,56,136,6473,3867,114,249,17,25137,5071,48942,18451,4652,39399,24870,27073,14094,4775,27120,17933,45982,38301,26924,3464,8731,5594,22042,7331,6239,706,5235,8034,2775,3361,1685,26836,1870,4590,-4274,1784,-26741,-40441,-40857,-827,-345,-1179,17752,-67904,-28380,-26978,3367,7454,5512,-5864,1729,6183,569,-1238,4166,2660,3111,1667,1698
2016-05-01,2899,59681,25059,3496,49450,76281,67362,12322,5593,28363,26,93967,70291,35830,14,185,11,25707,7407,107,41,8086,6240,140,342,14,26017,5040,32627,20912,5097,45690,19151,25618,12975,5848,27971,11529,39401,44621,24762,1776,8519,3835,17479,9859,3949,723,5942,7599,1772,3211,1119,27051,2141,-27054,-4147,1601,-3760,-57130,-41744,653,255,-392,11503,-54565,-25670,-11068,1762,8333,3823,-8227,2452,3842,681,-2144,1358,1631,2868,1104,1033
2016-06-01,2355,77750,29914,3457,41792,74201,61876,9376,5473,28099,114,63002,74236,39835,61,808,51,31486,8964,158,31,8875,3975,124,336,12,26407,4373,26362,19467,4485,49361,19264,25026,10530,5439,25377,7392,31642,41144,19371,2154,7793,2885,17577,9216,2787,554,5398,7382,1918,3245,926,22940,2018,-51388,-10447,1028,7568,-54937,-36849,1154,-34,-2721,7277,-31360,-33091,-20463,2092,6985,2833,-13908,252,2629,522,-3477,3406,1793,2908,913,-3467
2016-07-01,3731,73738,44808,3166,57666,66306,64944,9500,4694,47167,182,127320,112766,107121,315,1286,82,53312,10536,878,67,13564,7590,940,1325,90,35164,6402,28780,21287,6576,70345,20868,28484,11557,5514,41800,11336,54596,70865,32210,2813,10769,3336,34427,11522,3692,941,7076,13197,1948,4030,1054,37190,2670,-44958,-23521,3409,12678,-45438,-36460,2056,819,-5367,11153,-72724,-41901,-74911,2497,9483,3254,-18884,986,2814,873,-6488,5606,1007,2705,963,2025
2016-08-01,3907,73131,35652,3614,50559,76418,63126,13219,5705,39846,120,98873,76798,51112,160,851,54,35778,7621,563,42,8830,4313,465,753,43,27354,5063,36190,20094,4929,64338,21407,30544,13068,5035,28783,13832,39881,54634,23625,2621,10350,3587,23444,8807,4542,694,6183,8440,1563,3752,955,26919,1156,-36941,-15558,1314,13778,-55011,-32581,-151,-669,-11062,13711,-58992,-22163,-27486,2460,9499,3532,-12334,1186,3979,651,-2647,4126,1097,2998,911,-435
2016-09-01,3412,72818,36402,3086,48537,72483,58014,11711,5932,34528,372,112551,63970,59953,313,2622,167,36017,7584,328,49,8795,3814,301,418,24,30726,5522,32683,20488,4575,58354,17933,25911,13579,5898,26936,11924,54733,51069,29555,2448,10572,3646,32910,8472,4190,1050,6938,9657,1522,3733,1147,30068,2110,-40135,-15914,1488,9816,-54550,-32103,1868,-34,-7591,11552,-57818,-12900,-30398,2134,7949,3479,-3106,888,3862,1001,-1857,5842,1220,3314,1122,-658
2016-10-01,3055,76781,47213,4090,67796,79955,60338,10486,7111,29937,140,160443,81566,63224,75,989,63,51171,5852,282,36,10650,4567,268,383,21,43765,5856,35890,23299,5171,55081,20087,31726,14573,4983,30618,20625,68240,59997,30011,2984,12041,5688,27707,8221,6166,1066,7227,9614,2221,5125,1443,31127,2801,-40891,-23914,1081,-12715,-59868,-28612,4086,-2127,681,20485,-92202,-21568,-33212,2908,11052,5625,-23463,2369,5884,1030,-3423,5046,1952,4741,1421,-12638
2016-11-01,2963,47276,43381,4016,61497,57940,59793,11214,8159,27246,117,148819,72382,51037,63,828,52,54640,5699,115,780,9907,4319,110,155,8,48930,5737,54057,23708,5042,52301,26809,34762,14625,4715,26594,34930,67054,51555,28907,4843,12571,6101,22921,6516,11831,989,7242,9122,5760,5592,1901,28090,2774,6780,-19673,1025,-9196,-31131,-25031,3410,-3444,-652,34812,-81765,-20827,-22129,4780,11742,6048,-31718,817,11716,208,-2665,4802,5649,5436,1892,-20840
2016-12-01,2783,33914,40482,3490,64189,58767,58849,11545,9779,38890,436,190928,86852,70065,234,3079,196,75267,8449,588,8777,14266,14238,560,1251,45,58994,7720,60037,19493,5825,45569,30532,47161,16113,3987,51033,29932,84344,132274,34502,6628,16033,9346,22403,9265,13714,1289,14009,16935,11181,8114,3265,28145,4937,26123,-20989,2334,-18620,-28235,-11688,4567,-5792,12143,29495,-106583,45422,-35563,6394,12954,9149,-52863,816,13126,-7488,-257,2696,10621,6862,3220,-30849
2017-01-01,5532,35113,45105,3256,113833,67899,86052,16233,19540,56721,853,489167,182468,370276,457,6012,383,214687,6877,1070,11814,19337,27776,757,2166,73,123314,8102,73053,16710,5725,46279,38842,36562,19573,3233,59626,34249,109653,80567,51520,7208,16263,14262,22896,7718,21272,2329,11576,33339,20009,7966,6053,22639,2570,37939,-28395,2469,-67554,-29057,-49489,3339,-16306,2904,33396,-379514,-101900,-318756,6750,10251,13879,-191791,841,20201,-9485,-7761,5563,19251,5799,5979,-100675
2017-02-01,5221,45062,47896,4089,120729,69976,99369,17419,14169,50162,553,377833,148219,352366,297,3904,249,211305,5829,2017,10869,14312,25824,1432,5646,335,103567,6922,53129,21576,4929,26818,28272,26292,15455,3451,46959,31267,143283,67689,30834,6505,10782,13029,22016,6265,26293,3923,8764,26105,21198,4558,9491,23174,1700,8066,-26320,839,-93911,-41704,-73076,-1965,-10718,-3202,30713,-234550,-80529,-321532,6207,6878,12780,-189288,436,24275,-6945,-5548,280,19765,-1088,9155,-80393
2017-03-01,4791,44007,44431,3542,112159,78452,91778,23135,7686,47707,482,211199,91591,149146,259,3402,217,95773,8760,153,6140,11325,10849,110,425,28,76573,4760,57764,24139,4471,42302,31426,28504,15896,4248,27891,28345,63640,48230,26694,6129,9472,8908,23466,4938,15340,1560,8010,17266,12765,4581,3260,26104,-31,13756,-20292,929,-69857,-47026,-63274,-7239,-3438,-19815,27862,-147558,-43360,-122451,5870,6070,8691,-72307,-3822,15186,-4580,-3315,6416,12654,4155,3231,-50469
2017-04-01,3595,44120,42173,3473,85921,69077,85361,19840,5590,29628,279,158011,114753,81618,150,1969,125,76038,9077,269,217,9655,4920,202,751,50,49729,5840,47905,20186,5189,45565,24972,30986,13379,5440,26731,19812,52641,54100,31717,3068,9292,6084,36040,7890,8197,964,7890,9282,4270,5284,1761,37473,2245,3784,-21987,1716,-40356,-44105,-54375,-6461,-150,-2897,19533,-105369,-60653,-49900,2918,7323,5958,-39998,-1187,7928,746,-1765,4361,4067,4532,1710,-12256
2017-05-01,3580,54370,45213,3658,65108,69503,96071,28114,5200,27160,34,107287,97363,47794,18,241,15,43956,8695,135,31,9960,3517,115,418,27,38585,5079,33136,21136,5830,52396,19149,28007,12442,5052,25438,10547,35622,43243,23921,1896,7764,3991,18224,8640,3620,766,7130,8252,1839,3755,1100,29041,1499,-21234,-24077,2172,-12712,-50354,-68063,-15672,-148,-1722,10513,-71664,-54119,-23873,1878,7522,3975,-25731,-55,3484,735,-2830,4735,1723,3336,1072,-9544
2017-06-01,3089,81130,36282,3646,48795,71059,78746,17859,4367,26478,211,59314,89691,42462,113,1488,95,29844,6983,247,16,12930,2318,251,928,59,24578,4288,28219,19225,5309,58383,18794,26155,11165,5268,25302,6393,25179,39388,25462,1319,6844,2392,14512,7229,2553,545,7203,7509,2036,3007,929,24325,1199,-52911,-17057,1663,9587,-52265,-52591,-6694,900,-1176,6181,-34134,-50303,-17000,1206,5356,2297,-15331,246,2305,528,-5727,5190,1784,2078,869,-253
2017-07-01,4618,85529,57803,5712,65165,77087,82788,13802,3384,47436,235,127413,159698,114694,362,1656,105,65742,13418,507,19,20746,7340,556,3113,151,45191,5987,29677,22212,7392,86732,21776,29240,10854,5447,40154,10259,44147,72244,37153,1687,9919,2784,33349,3348,3663,933,10514,15770,2409,4124,993,35644,1368,-55851,-35591,1679,21566,-55311,-53548,-2948,2062,-7281,10024,-83266,-87453,-77540,1325,8262,2679,-32392,-10070,3156,913,-10232,8429,1852,1010,841,-9547
2017-08-01,4536,81872,47365,4744,59874,85578,79271,13101,4149,38283,111,97148,102300,57672,173,783,50,44326,12140,626,20,12350,4819,575,2796,136,32026,5151,35730,22029,5679,69237,23394,31970,12758,5798,29820,12312,31003,53469,24343,1390,9475,3120,24507,2362,3801,676,8625,8400,1564,3943,919,29822,614,-46141,-25336,934,9363,-62184,-47301,-343,1648,-8462,12201,-66145,-48831,-33329,1217,8691,3070,-19819,-9778,3174,655,-3725,3580,988,1146,782,-2204
2017-09-01,4154,85883,39301,4271,69093,75165,69092,14991,6170,36066,363,113792,86589,61016,318,2562,163,40543,11836,113,6,12161,3725,90,533,25,38011,5481,31543,26302,5178,65764,17730,30352,13292,5839,29698,10212,51706,52633,36670,1646,9673,3442,33600,2123,3594,1180,8605,10936,1599,3769,1111,30806,1326,-54339,-12999,906,-3329,-57435,-38740,-1699,-331,-6367,9849,-62085,-33955,-24346,1327,7111,3279,-6943,-9713,3480,1173,-3556,7210,1508,3235,1085,-7205
2017-10-01,3858,83527,51290,5579,77556,86115,66790,20116,7198,33312,122,145569,96631,63472,65,865,55,52835,11192,311,42,12820,4748,291,1491,69,49164,5736,35445,30508,5902,64309,21586,38025,15901,5725,32301,18296,54692,60394,34104,3093,11318,5278,26546,4237,6971,1078,7954,10575,3026,5811,1819,32879,1877,-48082,-20782,322,-13247,-64529,-28765,-4215,-1473,-1011,18173,-90876,-36237,-29368,3027,10452,5223,-26289,-6954,6659,1036,-4866,5827,2734,4319,1749,-16285
2017-11-01,3260,55360,49449,4714,77079,66301,63537,16393,8808,29333,100,136134,90872,64813,54,709,45,58496,9922,359,842,11974,5253,251,1349,60,57249,5660,55784,26790,6451,58755,30646,39573,15832,5040,27352,34827,46370,53117,31841,4987,11664,6113,22805,2049,12387,765,7644,9511,5482,5812,2748,30965,2399,423,-22659,1736,-18324,-35654,-23963,-561,-3768,-1980,34727,-89764,-37755,-32972,4933,10956,6068,-35690,-7873,12028,-77,-4330,4257,5231,4462,2688,-26284
2017-12-01,2586,34239,43514,4279,88676,60746,67727,11496,9910,38364,351,167276,99638,68738,188,2479,158,72310,10776,308,12309,15146,17780,210,935,66,62461,7172,59343,22525,6822,55191,33558,51936,19363,3969,51290,29679,82286,139900,37041,6488,17090,9945,23992,2628,14224,1447,15458,21398,13118,11032,4493,26970,4585,25103,-20989,2542,-33485,-27187,-15791,7866,-5941,12926,29328,-84990,40261,-31697,6299,14610,9787,-48318,-8148,13915,-10862,311,3618,12907,10097,4426,-35491
2018-01-01,5311,44982,56013,5346,147948,71405,98876,16384,26717,58204,657,390747,209078,382078,352,4631,295,246634,9478,1251,12468,23837,28861,1028,6119,318,133731,7839,72264,17481,7264,56344,45297,39163,20929,3200,66575,33645,104308,79463,55808,7709,17151,15886,23582,3084,19720,2354,11505,44661,19060,8341,5747,20856,2527,27281,-38532,1917,-91604,-26108,-59713,4544,-23517,8371,32987,-286438,-129615,-326270,7357,12520,15590,-223052,-6394,18468,-10113,-12332,15799,18031,2221,5428,-112875
2018-02-01,5933,50740,56692,4847,144728,83201,101748,21079,15443,61444,495,325505,169618,343760,266,3493,223,230669,7360,1988,13313,14516,29184,1767,10728,276,121726,5604,52549,22360,4445,33962,28976,26683,17900,3538,45344,31738,144910,68065,32527,6822,12533,13226,23858,1916,22152,3676,8470,30067,20931,4916,6620,22461,-329,1809,-34332,-402,-110766,-54225,-75065,-3178,-11905,-16100,31242,-180594,-101552,-311233,6556,9039,13003,-206810,-5444,20163,-9637,-6046,882,19163,-5812,6343,-99265
2018-03-01,4098,54409,39955,3001,139248,80048,104301,23030,7902,33769,303,143028,97104,170752,162,2138,136,80027,5143,731,5344,12925,11505,804,4185,81,57736,5301,58831,20654,5535,35108,34464,33645,17868,4804,28684,31053,65203,69313,25860,6796,11775,9366,31439,6977,13733,1299,8648,16131,13301,6004,3410,30306,1202,4421,-19301,2533,-104140,-45584,-70656,-5162,-3098,-5084,30750,-77825,-27791,-144891,6633,9637,9229,-48588,1834,13001,-4045,-4277,4625,12496,1818,3328,-27430
2018-04-01,2756,50382,41256,4947,108503,71999,97677,29964,7434,26602,275,153810,136403,100203,147,1942,124,103675,5300,480,1308,12180,8350,493,2732,51,60036,5043,52361,22401,5776,49415,28401,32608,16376,4982,26137,17393,54714,44000,29516,3915,9573,6147,21539,7788,5968,801,7407,8576,2505,4454,1478,30684,2286,1978,-18855,828,-59087,-43598,-65069,-13588,-2452,-465,17118,-99095,-92402,-70687,3768,7631,6023,-82136,2488,5487,-507,-4773,225,2011,1721,1426,-29352
2018-05-01,2879,80770,34067,5211,63543,85831,93140,18970,6816,22332,32,90027,104361,49759,17,227,14,47630,4753,578,70,10430,6115,564,2713,49,35483,4536,35450,24078,6109,52262,20737,29133,13808,4871,26661,11580,43579,45707,24287,2104,8661,3565,17463,7418,3660,773,7489,8054,1922,3572,1266,26995,1657,-45320,-9989,897,-11281,-65094,-64007,-5162,-1945,4329,11548,-46447,-58653,-25471,2087,8434,3550,-30167,2665,3082,702,-2941,1938,1357,858,1216,-8488
2018-06-01,3087,92980,22068,3881,34633,80705,78286,16577,3647,18457,113,32729,75928,41213,61,801,51,24012,4990,187,19,8681,2721,180,879,15,21233,4502,27084,18667,4794,57070,19876,28088,11391,3976,23639,6826,22735,39052,23616,1646,7810,2463,14004,6972,2692,538,6619,7358,2053,3381,1055,21413,1414,-65896,-3401,912,22436,-60829,-50198,-5186,328,5182,6713,-9993,-36876,-17596,1584,7008,2412,-10008,1982,2504,518,-2062,4636,1872,2501,1039,179
2018-07-01,3790,98722,34638,4887,60363,75543,80958,13445,5341,35035,93,55022,122327,111839,279,656,41,49081,6381,1043,89,14961,6174,873,4485,143,34211,5748,29514,28871,7263,93346,22594,30485,11418,5150,36982,10010,41589,69307,34933,1981,10395,2992,33120,9237,3476,1091,9319,13951,1894,4551,1030,33344,1957,-69208,-5767,2375,32982,-52949,-50473,-2027,-191,1946,9916,-13432,-53020,-76906,1702,9739,2950,-15961,2856,2432,1001,-5642,7776,1020,65,886,-867
2018-08-01,3738,86557,25930,4670,58870,70461,66521,13880,4709,29827,47,48006,75895,59307,142,336,21,31850,6550,307,62,10050,3671,409,1798,58,27740,4853,36631,24988,6138,78239,23858,33821,13672,5156,26082,13027,29911,49726,26492,1651,9452,2753,23198,6853,3865,719,7579,8501,1760,4460,953,27000,1114,-49926,-942,1467,19368,-46603,-32700,-208,446,-3744,12979,-18095,-26169,-32814,1508,9115,2731,-8651,303,3557,656,-2471,4829,1350,2661,894,-740
2018-09-01,3050,82376,21199,4586,68153,67076,62952,14239,4781,23143,118,42184,59812,57143,177,838,53,27920,4875,72,9,8313,3323,93,417,13,27979,5108,34122,34060,5395,70203,20554,36422,14115,5363,25063,11762,67132,48557,35724,2261,10361,4241,42823,6164,4185,1271,6598,9361,1675,4729,1297,37447,2057,-48254,12860,808,2049,-46522,-26530,-124,582,1920,11643,24948,-11254,-21419,2083,9523,4187,14902,1289,4112,1261,-1715,6037,1581,4312,1283,9467
2018-10-01,2648,84788,25106,4045,71260,64907,58798,15038,5861,19513,46,54947,60666,60915,24,325,20,37279,3951,59,30,8894,3326,70,338,14,34712,5301,41278,33322,5640,64194,23724,39789,19428,5255,28277,20946,49878,51596,33214,3715,12472,5306,32386,6114,6443,897,6929,8161,3308,5824,1973,35360,2652,-43510,8215,1594,-7066,-41183,-19009,4389,-606,8763,20900,-5069,-9070,-27701,3691,12146,5285,-4893,2163,6384,866,-1964,4835,3237,5485,1958,647
2018-11-01,2332,47341,19280,4178,63740,53014,63133,17770,5806,21346,41,59732,62954,50816,22,292,18,39861,4555,52,82,7961,4707,71,335,14,36458,6059,60223,35893,5753,68666,32754,44835,16165,4209,24744,40735,65410,47220,35898,6674,13924,6974,30604,5215,11992,845,6479,8478,4743,6281,2358,32787,3726,12881,16612,1574,4925,-20260,-18298,-1605,-1597,3398,40694,5678,-15734,-14918,6651,13631,6955,-9257,659,11939,763,-1481,3770,4671,5945,2344,-3671
2018-12-01,2528,43092,21414,4468,70413,52934,63777,13433,7307,30377,155,76908,76378,60866,83,1097,70,50564,5258,69,588,10839,10295,115,540,22,57329,7048,63748,27783,7059,68837,37767,56794,21922,3684,47950,32507,71990,117189,39062,8240,16385,10238,27398,7241,15867,1057,11949,30258,14664,11353,5321,24875,4519,20655,6368,2590,-1576,-15167,-6982,8488,-3623,17573,32351,-4918,40811,-21804,8156,15287,10168,-23166,1983,15798,468,1109,19962,14549,10812,5298,-32454
2019-01-01,3415,39511,32657,4268,125021,57973,72040,19456,22411,45070,170,219155,151997,212229,130,1311,109,158669,5805,457,2071,17619,15112,659,2764,109,100947,8521,84273,27371,8320,82662,52176,48866,23324,3732,56592,39333,97372,68366,58495,9336,18013,16156,29304,7656,23162,2442,9687,46798,24862,7958,7342,18681,5105,44761,-5286,4051,-42359,-5797,-23174,3867,-18679,11522,39163,-121783,-83631,-153734,9206,16702,16047,-129364,1851,22705,370,-7932,31685,24202,5193,7232,-82265
2019-02-01,3314,46891,26693,4354,142605,63143,86775,18114,16408,38136,355,147643,112307,234834,358,2238,284,134481,4607,377,1055,12143,15468,480,1519,70,80205,5866,57427,36923,6273,38387,32654,33047,18403,3853,38547,37007,137782,58506,26428,8225,11990,15791,26008,5335,24512,3858,8281,29603,26970,4659,9343,19701,2551,10535,10229,1918,-104218,-30489,-53728,288,-12555,411,36651,-9860,-53801,-208405,7867,9752,15507,-108473,728,24134,2803,-3861,14135,26489,3140,9272,-60504
2019-03-01,3573,46687,26559,5021,114641,68406,94620,19576,8278,37669,40,114348,80415,130219,62,262,42,88918,6223,101,342,9395,9771,102,366,19,63926,5602,66074,28033,6234,61903,38838,36038,19952,4934,27304,33209,62614,47254,35582,7877,11994,11786,27584,6715,16718,1187,6826,24150,17585,5369,5046,24466,2028,19386,1473,1212,-52738,-29568,-58582,375,-3344,-10364,33168,-51733,-33161,-94637,7814,11731,11743,-61334,492,16616,844,-2569,14378,17482,5003,5026,-39459
2019-04-01,2259,47291,25117,4250,83215,62497,72306,15606,4334,21797,77,83105,92068,73700,82,423,83,59153,4941,64,50,8010,6326,72,211,13,40080,5429,52864,28146,7552,59837,27754,38476,14301,9069,25916,24504,58612,51208,29125,4364,12358,7317,47763,6681,7456,762,6842,7636,3206,5450,2195,37295,3170,5572,3028,3301,-23378,-34743,-33830,-1305,4734,4119,24426,-24492,-40860,-44574,4282,11934,7234,-11390,1740,7391,712,-1168,1310,3133,5238,2181,-2785
2019-05-01,2482,64342,19294,4890,62219,74909,79812,15155,4319,24099,52,48429,73619,47892,61,334,62,30697,6065,98,49,5859,3067,121,450,30,21511,5509,39163,30746,7077,69763,21506,35034,13418,6278,24585,13003,42182,39034,25760,2523,9811,4451,19228,9405,3822,698,4449,6618,2250,4136,1480,22613,3026,-25179,11451,2186,7543,-53403,-44778,-1737,1958,485,12951,-6246,-34584,-22131,2462,9476,4388,-11468,3340,3724,649,-1409,3550,2129,3686,1449,1101
2019-06-01,2271,80229,19967,5069,48150,76487,72596,15895,3944,31671,78,33762,80340,56040,93,528,63,28275,6261,35,15,5912,3775,50,172,12,24611,4812,29541,28516,6798,74633,20948,33458,11617,6705,26459,8038,24649,38002,30286,2450,9628,2759,18380,8822,2629,413,4509,7324,2008,3429,1069,23649,2540,-50688,8548,1728,26483,-55539,-39138,-4278,2760,-5211,7959,-9112,-42338,-25754,2357,9099,2695,-9895,2561,2594,397,-1403,3549,1957,3256,1056,-962
2019-07-01,2518,81803,21698,6103,51844,59360,71553,13211,3756,41981,90,64531,110852,108903,357,934,100,43070,8983,121,34,9347,5137,146,468,19,33342,5738,33332,31449,9815,103483,24989,34714,11182,6970,40393,13028,44263,65981,41461,3220,10735,3207,41624,11819,4055,831,6918,12948,2702,4720,1272,36934,3219,-48471,9750,3711,51638,-34371,-36839,-2029,3213,-1588,12938,-20267,-44871,-67441,2863,9800,3107,-1445,2836,3933,797,-2429,7811,2555,4251,1252,3591
2019-08-01,4015,85517,21573,6402,61937,78376,73009,12436,4433,35969,31,44088,80989,62490,172,289,32,31261,8128,321,30,8618,2946,193,1149,49,28809,4803,38668,27508,7518,85849,22630,35725,12350,5882,28327,16142,33419,49480,29913,2332,9810,3145,25190,8978,4356,566,6588,8595,1589,4224,1196,26190,787,-46849,5934,1115,23912,-55746,-37284,-86,1448,-7642,16110,-10669,-31508,-32577,2159,9521,3113,-6071,849,4035,536,-2030,5648,1395,3074,1147,-2618
2019-09-01,2770,87375,19269,4873,56095,69588,61185,14516,4106,28480,106,54339,62013,57874,205,646,59,26770,6077,38,16,8209,3281,25,154,6,29433,5128,34386,36196,7256,73857,18382,37090,13317,7617,26941,13802,71567,48272,37651,2895,11649,3893,50171,8631,4031,1148,6717,9661,1818,4836,1220,41126,2357,-52989,16926,2382,17761,-51206,-24095,-1199,3510,-1538,13695,17227,-13740,-20222,2689,11002,3834,23401,2554,3993,1132,-1491,6380,1792,4682,1213,11692
2019-10-01,1846,81043,17055,4952,56587,69688,60558,21561,5152,24071,42,58456,66725,57270,45,337,29,31937,7510,0,45,8942,3377,0,0,0,32622,6060,39223,29427,7144,67129,22270,40685,14329,5645,28539,23360,46346,50248,34478,4751,12516,6429,32377,8613,6272,765,6496,9190,2507,6114,1835,34176,4213,-41820,12371,2192,10541,-47418,-19873,-7232,492,4467,23317,-12109,-16477,-22791,4705,12179,6399,439,1103,6272,720,-2446,5813,2507,6114,1835,1554
2019-11-01,1668,49410,13550,5238,54276,59676,60703,17810,5715,16857,47,36849,98636,54132,47,327,34,41799,5279,187,111,8051,3462,123,737,0,42381,4702,61369,33012,7135,64563,30155,42717,15751,5038,15744,45230,67613,45755,36284,8099,13855,7642,31696,6978,12815,872,6109,9003,5848,6161,2477,33722,3033,11958,19462,1896,10286,-29521,-17986,-2059,-677,-1113,45183,30764,-52880,-17848,8052,13528,7607,-10103,1699,12628,760,-1941,5541,5724,5424,2477,-8659
2019-12-01,2026,36992,15989,4664,55468,51743,57626,10827,7803,23350,132,57109,73580,67690,148,897,45,51072,6376,28,323,10906,11952,18,108,0,59646,7172,66533,26996,7899,68464,43505,57996,21264,4571,41611,37304,75522,114941,42953,11283,19138,11227,32068,10169,15491,1277,11888,24086,18721,11511,5595,29261,5145,29540,11006,3234,12995,-8238,370,10436,-3232,18261,37171,18412,41361,-24737,11135,18241,11181,-19003,3793,15463,953,981,12133,18703,11402,5595,-30385
2020-01-01,2408,42781,16198,3707,91684,47202,71469,14013,15574,38675,76,134181,144290,243132,87,403,24,154643,6294,189,1529,16257,11985,161,595,0,109586,7810,80390,22108,7011,75454,50219,46328,20750,3943,59135,41276,105952,73084,64162,11519,20472,16931,38268,9071,23610,2030,10490,46037,23726,8513,6813,20426,5401,37608,5910,3303,-16230,3016,-25141,6736,-11631,20459,41200,-28228,-71206,-178969,11431,20068,16907,-116374,2777,23421,500,-5766,34052,23564,7918,6813,-89160
2020-02-01,3473,49744,15286,4057,110860,60053,77073,18095,11398,39094,274,146508,110331,259321,188,906,26,158245,4657,194,1100,11159,14061,193,531,0,108726,5995,60149,31531,5490,44684,35895,33992,17330,3712,46745,39086,174046,61630,35536,10657,15294,16444,40217,4714,27666,3393,7982,29124,29445,6293,7887,25039,2521,10404,16245,1432,-66176,-24158,-43081,-765,-7686,7651,38812,27537,-48700,-223784,10468,14388,16418,-118027,57,27471,2293,-3177,15062,29252,5761,7887,-83687
2020-03-01,846,21261,9085,2037,45784,20324,28994,7170,2181,14295,150,28642,27312,63133,74,471,12,23716,6509,65,462,3841,6670,62,140,1,17842,3991,24778,10961,2773,23479,12504,23930,5737,2010,29985,16770,33876,27120,18509,4576,9013,4982,14068,5586,8902,1128,4672,13120,11605,3359,2108,11930,3144,3516,1875,735,-22305,-7820,-5064,-1433,-171,15690,16619,5233,-192,-44623,4501,8542,4969,-9647,-922,8837,665,831,6449,11542,3219,2107,-5911
2020-04-01,0,0,0,0,0,0,0,0,0,0,0,0,0,0,0,0,0,0,0,0,0,0,0,0,0,0,0,0,0,0,0,0,0,0,0,0,0,0,0,0,0,0,0,0,0,0,0,0,0,0,0,0,0,0,0,0,0,0,0,0,0,0,0,0,0,0,0,0,0,0,0,0,0,0,0,0,0,0,0,0,0
2020-05-01,0,0,0,0,0,0,0,0,0,0,0,0,0,0,0,0,0,0,0,0,0,0,0,0,0,0,0,0,0,0,0,0,0,0,0,0,0,0,0,0,0,0,0,0,0,0,0,0,0,0,0,0,0,0,0,0,0,0,0,0,0,0,0,0,0,0,0,0,0,0,0,0,0,0,0,0,0,0,0,0,0
2020-06-01,0,0,0,0,0,0,0,0,0,0,0,0,0,0,0,0,0,0,0,0,0,0,0,0,0,0,0,0,0,0,0,0,0,0,0,0,0,0,0,0,0,0,0,0,0,0,0,0,0,0,0,0,0,0,0,0,0,0,0,0,0,0,0,0,0,0,0,0,0,0,0,0,0,0,0,0,0,0,0,0,0
2020-07-01,196,1234,289,231,163,639,799,0,14,49,0,119,468,442,0,0,0,417,0,0,0,2,0,0,0,0,374,18,471,56,14,33,135,217,19,2,3,2,30,46,96,2,1,29,63,0,1,0,3,6,0,1,5,30,-178,-763,-232,-217,-130,-503,-581,19,-11,-46,2,-88,-422,-345,2,1,29,-354,0,1,0,1,6,0,1,5,-344
2020-08-01,127,1511,144,104,388,827,333,118,59,48,0,205,546,430,0,0,0,525,0,0,0,7,0,0,0,0,584,36,672,26,10,102,165,506,128,3,305,6,47,864,249,0,1,2,87,1,9,0,0,2,4,2,6,139,-91,-839,-117,-94,-286,-662,172,9,-56,257,6,-158,318,-181,0,1,2,-438,1,9,0,-7,2,4,2,6,-445
2020-09-01,583,3637,414,518,758,1853,970,136,81,87,0,106,26,414,0,0,0,678,0,0,0,0,0,0,0,0,779,196,909,93,147,129,250,617,233,35,513,8,94,551,224,5,24,6,63,2,7,1,0,6,3,5,25,163,-387,-2727,-320,-370,-628,-1602,-352,97,-45,426,8,-11,525,-190,5,24,6,-615,2,7,1,0,6,3,5,25,-616
2020-10-01,1348,4293,765,359,1359,4756,1988,56,191,59,0,341,68,480,0,0,0,1135,0,0,0,0,0,0,0,0,1302,296,805,161,74,338,459,1145,177,54,331,7,134,484,235,2,30,1,84,0,4,0,0,2,1,7,3,184,-1052,-3488,-604,-285,-1021,-4297,-843,121,-137,272,7,-206,416,-245,2,30,1,-1051,0,4,0,0,2,1,7,3,-1118
2020-11-01,1810,5633,2721,957,4029,8956,4165,60,291,126,0,602,77,694,0,0,0,1720,0,0,0,0,2,0,0,0,1697,566,1115,984,327,1566,588,1980,203,34,36,17,157,1097,296,4,51,2,235,1,17,6,4,6,2,7,1,435,-1243,-4518,-1736,-630,-2463,-8368,-2185,142,-256,-90,17,-444,1020,-398,4,51,2,-1485,1,17,6,4,4,2,7,1,-1262
2020-12-01,2927,11123,6477,4497,5361,12925,9149,159,248,126,0,3091,389,995,0,0,0,2843,0,0,0,1,0,0,0,0,2515,1305,2721,2357,589,3053,1250,3504,343,127,45,16,459,1443,417,6,58,3,462,1,24,8,7,5,6,6,2,592,-1621,-8402,-4119,-3908,-2307,-11674,-5644,184,-121,-80,16,-2631,1054,-578,6,58,3,-2380,1,24,8,6,5,6,6,2,-1923
2021-01-01,1481,4481,5500,2297,10859,15549,17529,1420,186,97,0,987,73,1020,0,0,0,1278,0,0,0,0,0,0,0,0,1732,822,8692,1735,425,1918,3606,3549,269,71,38,12,543,509,185,10,23,0,53,5,17,2,2,1,2,5,0,296,-659,4211,-3765,-1872,-8941,-11943,-13979,-1150,-114,-59,12,-443,436,-835,10,23,0,-1225,5,17,2,2,1,2,5,0,-1436
2021-02-01,2943,4239,4916,2916,7778,14672,19420,649,233,111,0,864,78,876,0,0,0,1042,0,0,0,0,0,0,0,0,3178,306,4837,1188,215,752,1703,1852,212,47,8,22,229,260,119,7,20,8,382,1,21,1,1,3,4,10,2,450,-2637,598,-3727,-2700,-7025,-12969,-17568,-437,-185,-103,22,-634,182,-757,7,20,8,-660,1,21,1,1,3,4,10,2,-2728
2021-03-01,2656,3521,3810,4724,6951,10186,20166,564,270,165,0,608,247,732,0,0,0,484,0,0,0,0,8,0,0,0,4556,283,5330,1192,395,1026,2215,2425,284,16,15,9,180,119,89,2,17,2,255,1,15,1,3,3,6,4,4,384,-2372,1809,-2617,-4328,-5925,-7970,-17740,-279,-254,-150,9,-427,-128,-643,2,17,2,-229,1,15,1,3,-5,6,4,4,-4172
2021-04-01,1641,3062,1263,2070,1375,11337,7141,164,269,166,0,170,19,15,0,0,0,56,0,0,0,0,3,0,0,0,2348,159,4538,244,206,665,2146,1571,301,134,10,9,52,82,103,1,4,1,173,1,7,0,4,0,3,8,6,322,-1482,1476,-1019,-1864,-710,-9190,-5569,137,-134,-156,9,-118,63,88,1,4,1,117,1,7,0,4,-3,3,8,6,-2026
2021-05-01,1350,2966,1291,1555,1303,14890,6263,91,321,157,0,131,15,8,0,0,0,40,0,0,0,0,0,0,0,0,2786,275,2578,284,270,699,1029,1317,196,103,14,2,35,111,78,5,3,0,198,0,4,1,1,3,5,4,3,330,-1075,-387,-1006,-1284,-603,-13861,-4946,105,-218,-143,2,-96,96,70,5,3,0,158,0,4,1,1,3,5,4,3,-2456
2021-06-01,1767,4626,1079,1428,795,21161,5836,97,423,123,0,69,40,12,0,0,0,40,0,0,0,0,0,0,0,0,3698,96,2600,151,140,210,1069,799,187,63,12,4,45,99,125,1,5,2,230,0,8,0,2,1,7,6,7,249,-1670,-2025,-927,-1287,-585,-20092,-5037,90,-359,-111,4,-24,59,113,1,5,2,190,0,8,0,2,1,7,6,7,-3449
2021-07-01,436,4322,101,1356,501,14939,2816,4,726,397,0,242,47,55,0,0,0,42,0,0,0,0,0,0,0,0,3754,42,1528,92,82,240,853,646,168,38,31,7,69,118,203,3,13,1,270,1,8,0,0,2,3,7,9,409,-394,-2793,-8,-1273,-260,-14085,-2169,164,-687,-366,7,-173,71,148,3,13,1,228,1,8,0,0,2,3,7,9,-3345
2021-08-01,945,11461,1136,1142,1015,19402,4595,46,1156,452,0,217,22,14,0,0,0,39,0,0,0,0,0,0,0,0,4427,48,1383,110,79,213,798,640,167,35,8,6,34,79,96,3,14,0,223,0,7,0,1,0,2,3,6,360,-897,-10078,-1025,-1063,-801,-18604,-3954,121,-1120,-444,6,-183,57,82,3,14,0,184,0,7,0,1,0,2,3,6,-4067
2021-09-01,1232,14371,1249,1007,1222,23085,5248,14,898,474,0,505,76,172,0,0,0,44,0,0,0,0,0,0,0,0,4596,97,1678,143,72,198,613,594,152,57,21,5,54,134,95,0,17,0,299,1,7,3,1,2,3,10,9,484,-1135,-12692,-1106,-934,-1024,-22472,-4654,138,-840,-453,5,-451,58,-77,0,17,0,255,1,7,3,1,2,3,10,9,-4112
2021-10-01,790,18638,1670,1665,3124,33340,7219,1076,1968,934,0,1146,2647,3335,0,0,0,372,0,0,0,0,0,0,0,0,7736,298,4828,1482,314,1492,2327,1646,426,568,494,31,752,705,1575,11,91,14,730,9,33,5,3,12,10,26,8,2920,-491,-13810,-187,-1351,-1631,-31013,-5573,-650,-1400,-440,31,-393,-1942,-1759,11,91,14,358,9,33,5,3,12,10,26,8,-4816
2021-11-01,928,18299,4431,2281,6881,36573,21547,1584,2076,1954,0,1236,14546,6004,0,0,0,7300,0,0,34,1,0,0,0,0,23452,1350,12424,7737,900,7247,9527,6656,1049,670,948,401,1934,4223,6747,85,325,149,2418,30,663,79,33,1244,225,448,69,5945,422,-5875,3305,-1380,365,-27046,-14891,-535,-1405,-1006,401,698,-10323,743,85,325,149,-4882,30,663,45,32,1244,225,448,69,-17507
2021-12-01,1605,13860,8241,2437,11906,23491,27158,2071,3623,3308,0,3335,22019,11871,0,0,0,12425,0,1,8,75,4,0,0,0,26976,2349,18889,9445,1208,9445,17046,10697,1775,1142,1800,1149,1179,10127,9576,336,828,584,4443,115,1360,211,100,736,1776,745,142,7834,744,5029,1204,-1229,-2460,-6444,-16461,-296,-2481,-1507,1149,-2156,-11891,-2294,336,828,584,-7981,115,1359,203,25,732,1776,745,142,-19142
2022-01-01,3153,20193,7502,2149,29414,24215,37779,3163,8195,4206,0,7020,87436,88611,0,0,0,44490,0,217,5,554,219,312,1310,51,47772,3286,36972,10730,1471,16787,27819,16805,2663,597,2734,2534,6522,14014,16487,768,1279,1130,4536,101,1132,226,177,955,883,894,200,4797,133,16779,3228,-678,-12627,3604,-20974,-500,-7598,-1472,2534,-498,-73422,-72124,768,1279,1130,-39954,101,914,221,-377,735,570,-416,148,-42975
2022-02-01,2927,17304,6558,2229,44335,29331,49901,3548,6304,6288,0,9721,59725,136517,0,0,0,42642,0,0,1,552,4301,0,0,0,46044,2007,29498,10955,1439,9167,17867,11746,2402,638,2453,3796,8025,16457,11806,1011,1384,2081,5731,103,1562,286,286,2095,646,899,244,5999,-920,12194,4397,-790,-35168,-11464,-38155,-1145,-5666,-3835,3796,-1696,-43268,-124711,1011,1384,2081,-36911,103,1562,285,-266,-2206,646,899,244,-40045
2022-03-01,2399,25618,10189,2509,41198,35683,47849,2293,4423,7156,4,11239,43500,74822,4,26,3,32485,0,126,26,818,3404,126,454,24,35564,3146,36288,11047,2409,19621,25095,17534,3363,1182,3574,6394,7683,17988,17576,1451,2039,1539,10384,89,2218,180,518,3516,1258,2288,265,13318,747,10670,858,-100,-21577,-10588,-30315,1070,-3240,-3582,6390,-3556,-25512,-57246,1447,2013,1536,-22101,89,2091,154,-300,111,1131,1833,240,-22246
2022-04-01,1303,28776,10848,2826,37024,30754,48723,3298,3526,5493,7,13826,59050,53700,7,36,7,34111,165,152,23,2517,3960,168,493,31,30620,3561,34104,13446,3313,28702,22262,20412,3809,2181,4936,6913,11007,30959,24142,1645,3213,1242,42711,508,2490,301,1299,6086,1017,2514,231,29035,2258,5327,2598,487,-8321,-8492,-28311,511,-1344,-557,6906,-2819,-28091,-29558,1638,3177,1235,8599,343,2337,278,-1218,2125,848,2020,199,-1585
2022-05-01,2047,40401,14438,2878,33695,38697,51127,4272,2654,7702,43,32198,51386,27379,50,273,51,23236,627,159,16,3987,3858,205,765,51,20443,3586,20581,18092,3270,32373,16950,20550,2873,2040,6762,5455,20907,28421,20283,1610,3584,958,28484,1093,1705,393,2234,5149,981,2228,260,25494,1539,-19819,3654,392,-1322,-21746,-30577,-1399,-614,-940,5412,-11291,-22965,-7096,1560,3311,907,5247,466,1545,377,-1753,1290,775,1462,208,5050
2022-06-01,1925,52354,13988,3419,25729,39287,52693,5278,2683,8972,22,26513,46557,25560,26,151,18,25855,763,119,2,3700,2367,171,584,42,21438,2585,15603,14929,2698,38401,17210,17175,3219,2108,6806,3274,16910,23102,22058,1602,3346,638,24472,879,1262,362,2416,6324,1111,1857,301,18691,660,-36751,941,-721,12672,-22076,-35518,-2059,-574,-2166,3252,-9603,-23455,-3502,1576,3195,620,-1383,116,1142,360,-1284,3956,940,1272,258,-2747
2022-07-01,1911,55546,16017,2798,39109,38224,53465,5012,1662,17421,6,24540,73158,63363,9,66,7,33200,1850,68,0,8540,4730,95,303,12,27954,3379,16541,21006,3224,58913,19768,20904,2782,2745,11645,4324,17779,39469,33493,1727,3642,561,63210,2534,1636,760,4199,10691,1422,2926,340,39247,1468,-39004,4989,426,19804,-18455,-32561,-2229,1083,-5776,4318,-6761,-33689,-29870,1718,3576,554,30009,684,1567,760,-4341,5960,1327,2622,327,11292
2022-08-01,1980,71032,12189,2786,37489,43747,56270,5356,2777,17812,3,30768,49832,30257,4,29,3,25907,2158,39,11,6758,3021,25,144,5,24421,2993,24794,18907,3242,53282,21266,23950,3546,2654,8869,6343,18887,32519,25450,1642,4365,677,47806,1816,1952,525,3849,7888,1190,3006,307,34472,1013,-46237,6718,456,15793,-22481,-32320,-1809,-122,-8943,6340,-11881,-17313,-4807,1638,4336,674,21898,-342,1912,514,-2909,4866,1164,2861,301,10050
2022-09-01,1201,74361,13158,3383,41915,40637,45694,6901,3703,17520,5,48477,45137,31505,4,28,3,27156,2467,49,9,6039,3308,32,195,8,28103,3461,20370,17595,2613,47018,17060,24138,3570,2949,10014,5385,34515,31027,30370,1953,6277,1105,60764,1970,2256,769,4303,9773,1249,3816,389,41327,2260,-53990,4437,-770,5103,-23577,-21556,-3330,-754,-7506,5380,-13962,-14110,-1135,1949,6249,1102,33607,-497,2206,760,-1736,6464,1216,3620,380,13223
2022-10-01,474,65189,18887,4130,54815,48934,50893,6554,3700,14281,24,73451,55563,45512,25,191,17,40713,1493,6,28,6423,4480,0,0,0,41022,4029,26418,21418,3949,49980,20923,30396,5472,3003,11470,12081,40176,36617,30326,3909,5752,1985,52758,2278,4236,866,3958,8491,2034,5071,580,36483,3554,-38771,2531,-181,-4834,-28011,-20496,-1081,-697,-2811,12056,-33275,-18946,-15186,3883,5560,1968,12045,785,4230,838,-2465,4011,2034,5071,580,-4539
2022-11-01,534,49359,11977,4135,38545,40306,47764,8337,5561,14270,69,65483,44915,37444,69,479,50,30379,1760,204,65,6735,3839,134,794,0,37092,5883,41947,23854,4640,42670,34433,36173,6905,3418,10296,24115,51332,32405,26929,7773,7088,3788,47136,2565,8516,952,4369,8811,4217,5784,1189,36051,5348,-7412,11877,505,4125,-5873,-11590,-1431,-2143,-3974,24045,-14151,-12510,-10515,7703,6608,3737,16756,805,8311,887,-2366,4971,4082,4989,1189,-1041
2022-12-01,989,26232,12424,3296,38316,25132,37922,20504,5210,15878,80,70015,46797,43287,89,540,27,39811,1710,227,239,8664,4834,150,865,0,54554,4361,46232,21957,2906,35701,40883,30493,8800,2970,15309,19867,50824,36283,27019,8726,7316,6445,33917,3512,9555,1515,5336,10351,18248,9728,2075,23635,3372,20000,9533,-390,-2615,15750,-7429,-11703,-2239,-569,19787,-19191,-10514,-16268,8636,6775,6417,-5894,1802,9328,1276,-3328,5516,18097,8862,2075,-30919
2023-01-01,1149,37709,19074,4106,98005,43098,65895,10502,3380,40046,118,204309,154109,307168,90,912,75,143295,3925,86,1287,22555,11673,115,485,25,115110,5310,66839,23920,2866,55785,58665,40605,10208,2622,28820,27210,82900,53969,54393,11280,10139,10658,68423,6157,13311,2911,7082,28362,22886,7587,2837,22687,4161,29130,4846,-1240,-42219,15567,-25289,-293,-757,-11226,27091,-121409,-100140,-252775,11189,9226,10582,-74872,2232,13224,1624,-15473,16688,22770,7101,2811,-92423
2023-02-01,3254,38700,15193,2652,95801,51603,67415,10058,4760,51831,54,147976,94845,299176,54,340,43,140381,3675,724,1557,12902,11955,923,2922,135,92608,2590,51502,32168,2538,29919,40599,25329,9006,1896,15745,26487,165701,38669,30949,10559,6729,9717,62258,2475,17393,5051,5645,26275,29182,5158,3249,25239,-664,12801,16975,-114,-65881,-11004,-42086,-1052,-2864,-36086,26433,17725,-56176,-268227,10504,6389,9673,-78123,-1200,16669,3494,-7257,14319,28258,2235,3113,-67369
2023-03-01,962,32059,12201,2924,80969,53312,58219,10133,2261,29158,53,77846,50239,134376,81,340,55,51760,2143,368,512,7295,7082,371,1324,71,61717,3345,58826,27278,3320,36357,50079,34141,11673,3570,11058,26766,72848,29822,26299,10580,7087,6338,43800,1878,17097,2866,4754,11853,24356,7186,2818,29474,2383,26767,15077,396,-44612,-3233,-24078,1540,1309,-18100,26713,-4998,-20417,-108077,10499,6747,6283,-7960,-265,16729,2354,-2541,4771,23985,5862,2747,-32243
2023-04-01,1456,43746,13589,2059,56144,41905,54351,7780,1806,16596,58,72869,65823,63540,62,320,62,37250,1730,90,51,7381,4964,100,296,22,37701,3196,45263,27249,4031,46778,32990,35610,8991,4393,11087,18900,98479,41775,35848,5644,9151,4267,96702,1933,6288,1509,4366,10318,4539,6880,1094,52457,1739,1516,13660,1972,-9365,-8915,-18741,1211,2587,-5509,18841,25610,-24048,-27692,5582,8830,4204,59451,203,6197,1458,-3015,5353,4438,6583,1071,14756
2023-05-01,998,63569,15652,3202,44304,49694,57556,8988,1750,16911,38,52158,59909,39155,45,244,45,28605,2192,85,35,8597,4468,111,413,28,31766,3096,26877,32065,3932,52163,21715,31434,6355,3932,10390,10575,90709,30753,28123,3377,7722,2179,68947,1966,3022,1368,4180,10571,2000,5159,722,47299,2097,-36692,16413,730,7859,-27979,-26121,-2633,2182,-6521,10537,38551,-29156,-11032,3332,7477,2133,40341,-226,2936,1333,-4417,6102,1888,4745,693,15533
2023-06-01,958,74924,15048,3804,30937,53528,46866,5076,2260,13743,25,29989,46286,29428,30,174,21,21177,1794,0,2,7473,3325,0,0,0,24803,2517,20847,34740,3254,64539,21936,29149,5781,3825,8348,4904,35972,31451,30445,2859,6072,1398,61430,1588,1932,1571,4492,12139,2240,4777,642,45009,1559,-54077,19692,-550,33602,-31592,-17717,705,1564,-5395,4878,5983,-14835,1017,2828,5897,1377,40252,-206,1932,1569,-2981,8814,2240,4777,642,20206
2023-07-01,2775,70038,14383,3490,43329,54047,52403,5086,946,26199,0,34165,82497,63380,0,0,0,29999,3476,105,0,14891,4797,147,470,19,29200,4378,20766,40987,4398,93260,25755,35362,5625,6399,15643,7045,54076,50430,53688,3098,7201,1325,112041,3828,2912,2212,6240,19244,2450,6274,703,67446,1603,-49272,26604,908,49931,-28292,-17041,539,5453,-10556,7045,19911,-32067,-9692,3098,7201,1325,82041,352,2806,2212,-8651,14446,2303,5803,683,38246
2023-08-01,1931,74465,16533,3281,41258,47511,54150,7191,3376,24629,27,30817,52873,33419,38,253,28,23764,2883,0,18,9301,3782,0,0,0,26046,4108,32182,33378,3811,85597,26703,41699,6647,4324,11206,9878,33839,35196,35095,2902,8013,1547,82825,2081,2975,1445,4874,12997,1972,6897,604,47571,2177,-42283,16845,529,44339,-20807,-12451,-543,948,-13423,9850,3022,-17677,1676,2863,7759,1519,59060,-802,2975,1427,-4427,9215,1972,6897,604,21525
2023-09-01,2572,80720,14820,3151,39106,53047,45947,7933,3383,20527,78,35304,45671,30939,66,477,43,21338,2281,1,12,7331,3963,0,0,0,26057,3768,27389,36287,3185,79337,20632,41247,5927,5256,10712,8327,53570,31638,46007,3454,8572,2288,93883,2017,2831,2133,4396,14742,2047,7200,793,55262,1196,-53330,21467,34,40231,-32414,-4700,-2006,1872,-9815,8248,18266,-14033,15067,3387,8094,2244,72544,-264,2830,2121,-2935,10779,2047,7200,793,29205
2023-10-01,1404,77839,16426,2890,49341,60958,47443,10657,4955,16356,6,60598,52600,40508,6,51,4,33902,1691,206,32,8433,1760,136,783,0,35439,4026,31299,37932,3982,71360,25514,45934,7560,4644,13225,18029,73886,39879,42791,5563,11184,3100,93812,2138,4711,1771,4921,11815,2696,9609,1043,53003,2621,-46540,21506,1092,22019,-35444,-1508,-3096,-310,-3131,18022,13288,-12721,2282,5556,11132,3095,59909,447,4504,1739,-3512,10054,2559,8825,1043,17564
2023-11-01,2021,55585,15327,2784,58520,40465,47612,8427,4826,17114,109,50253,41886,46963,109,752,78,27767,1843,34,73,4934,1703,19,125,0,33058,4829,53617,44009,3897,62165,43684,53267,9807,4356,12405,36090,60372,33632,39024,10068,10554,4366,82429,2141,11707,2019,3702,10372,5068,9393,1624,52482,2808,-1967,28682,1112,3645,3219,5655,1380,-469,-4709,35980,10119,-8254,-7939,9958,9801,4287,54661,298,11673,1946,-1232,8669,5048,9267,1624,19424
2023-12-01,1039,22596,10625,2877,50942,30869,43244,5269,6293,17867,112,64112,46246,42048,126,761,38,40520,1530,0,161,7763,13633,0,0,0,51868,4480,59001,38003,2581,56459,48738,40926,14058,3424,16464,28650,85754,39224,41466,11871,10949,5632,63469,2583,10488,2219,5351,21655,16333,9891,3163,34101,3440,36404,27378,-295,5517,17868,-2318,8789,-2868,-1403,28537,21642,-7022,-582,11744,10187,5593,22948,1053,10488,2058,-2412,8022,16333,9891,3163,-17767
2024-01-01,2751,43745,18140,2848,106759,44327,67712,10057,11056,39270,211,147188,139208,218878,161,1627,135,120937,3898,53,1951,18725,18347,76,324,12,94205,4884,81755,31850,2504,81929,63701,51410,14608,3751,27764,34012,108551,52137,81774,12781,14538,8019,88777,4075,15591,4414,6720,26824,31298,12267,4944,27411,2133,38010,13710,-344,-24829,19373,-16302,4550,-7304,-11506,33800,-38637,-87071,-137104,12619,12910,7883,-32160,177,15538,2463,-12005,8476,31221,11942,4931,-66794
2024-02-01,3554,38200,16841,2142,118999,56299,72146,8531,8333,60480,59,131004,86377,221636,60,375,47,110737,4103,0,1558,9049,16683,0,3,2,79886,2860,60041,39295,2211,53105,41150,33546,14189,3446,12759,33131,175892,33768,37843,11771,10396,8483,60832,1734,19020,7270,4313,14371,34249,8584,8160,24764,-694,21841,22454,68,-65893,-15148,-38600,5658,-4887,-47721,33071,44888,-52609,-183793,11711,10021,8435,-49905,-2369,19020,5712,-4736,-2312,34249,8581,8158,-55122
2024-03-01,2404,37253,15485,2689,92102,44283,67208,7478,3841,26858,49,91826,52884,111438,75,316,51,45737,2495,65,823,4599,14293,58,208,11,42278,3087,62381,28169,3349,52080,47876,43133,12125,4829,9598,33182,66136,37376,33093,13402,12005,7957,67278,1531,19292,3604,3449,14388,29535,14852,8884,40616,683,25128,12684,659,-40021,3592,-24075,4646,988,-17260,33132,-25690,-15508,-78345,13326,11688,7905,21540,-964,19226,2781,-1150,94,29476,14643,8872,-1662
2024-04-01,2874,44592,17966,5058,68140,48204,57129,11679,4554,20826,89,156217,77664,73558,94,489,96,56756,2097,0,218,7140,6596,0,0,0,48513,3158,46873,20795,3347,58348,31896,44634,9972,4031,8346,18947,34062,25299,31316,6778,9932,5321,35925,1283,6200,1577,3034,9524,7682,9019,1760,30507,284,2281,2829,-1710,-9791,-16308,-12495,-1707,-523,-12480,18857,-122155,-52365,-42242,6683,9442,5225,-20831,-814,6200,1359,-4106,2928,7682,9019,1760,-18006
2024-05-01,1902,61385,18066,3816,40891,51441,61434,10991,3502,16732,83,90447,55672,32135,98,537,100,21237,1731,1,12,5215,3951,2,9,0,24258,2490,30167,23287,3150,60862,21051,37681,7624,3499,7512,10424,22360,25465,26854,3579,8233,2912,26673,1195,2973,1091,2901,8399,2283,6746,1001,21846,588,-31218,5221,-666,19971,-30389,-23752,-3367,-3,-9220,10340,-68087,-30207,-5281,3480,7695,2811,5435,-536,2971,1079,-2314,4447,2280,6736,1000,-2412
2024-06-01,2343,73894,26657,3276,39710,50663,69856,7850,3997,16102,6,44338,61601,33761,7,40,4,25148,1721,83,15,4743,5165,119,406,30,29176,2261,21211,20373,2941,69535,21216,31581,5737,4327,6997,4926,13954,26266,32822,3316,6000,1404,28517,1018,1694,949,2651,10921,2094,5887,580,21995,-82,-52683,-6283,-335,29825,-29447,-38275,-2113,329,-9105,4920,-30384,-35335,-939,3308,5959,1399,3369,-703,1610,934,-2092,5755,1974,5480,549,-7181
2024-07-01,2627,71239,37692,2445,61555,69443,64824,6654,3558,29805,32,81508,95223,59452,48,334,36,29065,3250,0,14,9293,6290,0,0,0,32224,2931,22287,25552,4365,108111,21132,37509,5840,8369,12182,7514,24940,38891,54940,3116,8429,1453,63303,1936,2538,1206,4371,18402,2153,7619,687,41589,304,-48952,-12139,1919,46556,-48311,-27314,-814,4810,-17623,7481,-56568,-56332,-4512,3067,8094,1417,34237,-1314,2538,1192,-4922,12112,2153,7619,687,9365
2024-08-01,3400,79486,26944,3777,45400,54321,62245,5811,4774,24401,51,58909,58012,32164,71,465,51,18695,2557,21,24,5178,4756,13,77,3,22076,2367,34410,22675,4190,93734,23522,46469,6980,5026,8046,11204,18912,28360,37223,2644,8530,1599,38694,1202,3177,989,3184,12758,1616,8696,679,28506,-1033,-45076,-4268,413,48334,-30799,-15776,1168,252,-16355,11152,-39997,-29652,5058,2572,8064,1547,19998,-1355,3155,965,-1994,8001,1603,8618,675,6430
2024-09-01,3636,91168,26622,3412,49077,53550,60913,8632,4501,22004,158,88973,60015,39992,133,958,87,22082,2652,28,38,5439,5099,18,112,4,30659,2650,26696,30086,3639,67287,17184,41697,6612,6055,8044,8713,42641,29420,40338,2931,9298,2356,62856,1177,3036,1825,3207,13265,1790,8355,842,42907,-985,-64471,3464,227,18210,-36365,-19216,-2020,1554,-13960,8554,-46332,-30595,345,2797,8339,2268,40773,-1475,3007,1787,-2232,8165,1771,8242,837,12248
2024-10-01,3074,85367,34673,3797,67045,54128,61731,9391,3497,16277,53,118313,63457,47829,57,425,37,30717,1775,124,32,5664,5651,82,474,3,40429,3054,31711,25639,3233,54527,22480,46052,7972,3734,9522,17148,27146,29860,35438,6041,11076,4499,39323,1301,4545,1144,3278,10515,3074,10185,1351,30156,-20,-53655,-9034,-563,-12517,-31647,-15678,-1419,236,-6755,17094,-91167,-33597,-12391,5983,10650,4461,8605,-474,4420,1112,-2386,4863,2991,9711,1348,-10273
2024-11-01,2063,54480,27874,5048,67899,45443,73647,8009,4352,17623,22,130526,75992,53805,22,152,15,34881,2032,330,123,5641,6258,218,1302,0,44554,2796,54241,30003,3204,57617,35669,49585,11065,3153,8985,36289,45091,26639,40515,10659,11985,6225,35581,1120,12809,1225,2957,11790,6426,9892,2083,29657,733,-239,2129,-1843,-10281,-9773,-24061,3055,-1198,-8638,36266,-85435,-49353,-13290,10636,11832,6209,699,-912,12478,1102,-2684,5531,6207,8589,2083,-14897
2024-12-01,1867,26345,23358,3472,71039,38655,62794,4787,3524,19810,122,170173,65186,64699,136,825,42,43872,4045,0,513,6571,20682,0,0,0,61116,3197,57725,29764,3139,70351,44295,42036,15112,2903,12391,30498,57469,35755,51096,13600,12353,10504,30302,1969,11056,1603,3812,14644,20178,11183,5536,26752,1329,31380,6406,-333,-687,5640,-20757,10324,-620,-7419,30375,-112704,-29431,-13603,13463,11527,10461,-13570,-2076,11056,1090,-2759,-6038,20178,11183,5536,-34364
2025-01-01,4517,60125,30397,2265,182641,55682,108538,9738,12673,50931,400,409962,212802,421533,305,3075,255,185947,6863,350,948,20371,27945,504,2114,83,116285,3426,86629,22982,2468,53177,57782,50134,14321,2468,18964,35624,75140,46741,63854,13117,14778,12814,35390,2676,18567,2433,5010,24681,22455,10309,7419,17231,-1090,26503,-7414,202,-129463,2099,-58404,4582,-10205,-31967,35223,-334822,-166061,-357679,12811,11702,12558,-150557,-4187,18216,1485,-15361,-3264,21950,8194,7335,-99054
2025-02-01,3631,62304,30759,3679,206604,61587,113148,13380,9081,49137,198,337105,129421,466551,199,1246,158,180583,6855,1,889,8874,30477,0,0,0,107929,1840,57720,25304,2226,21105,34128,28516,13784,2219,11280,32156,89975,32330,23151,11136,8634,11528,25153,1887,19678,4002,3161,14808,22965,6398,5619,17601,-1791,-4584,-5454,-1453,-185498,-27459,-84631,403,-6862,-37857,31957,-247130,-97091,-443400,10936,7388,11369,-155430,-4968,19677,3113,-5713,-15669,22965,6398,5619,-90328
2025-03-01,4004,52505,31835,5192,178700,66323,108667,14692,5893,49056,443,259932,93164,233385,680,2845,460,98671,6480,159,500,5503,22322,160,573,30,83426,2463,66339,20549,3431,37580,47214,36110,14995,3684,9213,29453,40001,28962,32717,12293,9339,9818,25051,1508,13567,1737,2293,8449,19122,7930,4675,26496,-1540,13833,-11285,-1761,-141119,-19108,-72557,303,-2208,-39843,29009,-219931,-64202,-200668,11612,6493,9357,-73620,-4972,13407,1237,-3210,-13873,18961,7357,4644,-56930
2025-04-01,3135,52500,36085,3749,120315,51849,82168,12584,4112,21461,320,180562,90668,105980,337,1745,342,47555,4118,198,84,6704,9607,222,651,40,44059,2476,44436,20102,3360,40131,26645,37418,10666,3922,8203,20046,33087,34228,31999,5399,9007,5769,43239,1880,6583,884,2900,8886,2819,7361,2036,31637,-659,-8064,-15982,-388,-80184,-25204,-44749,-1918,-190,-13258,19725,-147475,-56440,-73981,5061,7261,5426,-4316,-2238,6384,800,-3804,-721,2597,6709,1995,-12422
2025-05-01,3329,87551,36045,4492,86228,61339,88914,12685,3527,22422,113,128866,77877,56699,134,732,136,26244,4827,0,31,6051,6056,0,0,0,38529,2487,29569,20544,2987,45780,19207,32640,7525,2851,7546,9123,21025,27051,24370,2999,6517,2724,20508,1773,2954,758,2607,7827,2320,5763,1270,21178,-842,-57982,-15500,-1505,-40447,-42132,-56274,-5160,-675,-14876,9009,-107841,-50826,-32329,2864,5784,2587,-5736,-3054,2954,727,-3444,1771,2320,5763,1270,-17351
2025-06-01,4242,87920,32278,4436,73880,68333,87117,6134,2756,20106,84,72938,70860,43938,100,570,68,22630,4235,0,16,4942,4940,0,0,0,31238,2681,21390,18913,3171,59982,19151,29527,6013,3405,6518,4821,16633,24107,24445,2385,5775,1242,39452,1316,2030,710,2538,8168,2323,4640,756,22016,-1560,-66530,-13364,-1264,-13897,-49182,-57590,-121,649,-13588,4736,-56305,-46753,-19493,2284,5204,1173,16821,-2919,2030,694,-2404,3228,2323,4640,756,-9222
2025-07-01,3390,91590,40563,4102,91515,59316,94039,6215,2897,39011,13,112152,112254,93873,19,138,14,30463,7802,38,15,10139,8212,49,156,6,35074,2784,21963,19863,4076,93273,19907,33698,5990,6700,9628,8132,20550,34687,38990,2457,6696,1434,49744,2130,3116,787,3583,12614,2497,6258,739,34888,-606,-69626,-20700,-25,1758,-39409,-60341,-225,3802,-29383,8118,-91602,-77567,-54883,2437,6558,1419,19280,-5672,3077,772,-6556,4401,2448,6101,732,-186
2025-08-01,4013,107729,42493,4643,103359,60635,97115,7474,3430,34785,6,85030,99735,56954,8,54,6,27861,6290,0,14,7220,5660,0,0,0,43909,2122,34166,21967,3773,82199,22332,40803,8471,3479,8103,11694,18266,28639,31576,2122,6775,1964,31273,1650,3710,639,2830,8758,1939,6479,922,31876,-1890,-73563,-20526,-870,-21159,-38302,-56311,996,49,-26682,11688,-66764,-71096,-25378,2113,6720,1958,3411,-4640,3710,625,-4390,3098,1939,6479,922,-12033
2025-09-01,3563,104248,32340,5092,96714,50378,81401,9658,2733,26865,110,91027,71443,53587,93,671,61,24115,4892,31,30,5555,5005,20,124,5,36668,2362,28365,23233,3758,59665,17826,40269,8841,4121,7181,9775,26984,26489,29905,2661,8412,3034,36051,1514,3576,1275,2719,9423,2071,7532,1081,30349,-1201,-75883,-9107,-1333,-37049,-32552,-41131,-816,1387,-19684,9664,-64043,-44954,-23682,2567,7740,2972,11935,-3378,3544,1245,-2836,4418,2050,7407,1075,-6319
2025-10-01,2766,94820,33324,5529,101415,54255,85182,12437,2888,19532,59,106859,69691,52312,62,467,41,27717,3756,18,46,5463,6469,12,69,0,39754,2650,34823,22436,4213,55105,22488,45064,10526,3578,8341,19106,24758,26120,30410,4951,9697,4928,28325,1691,6347,983,2605,9858,3870,9186,1792,26948,-115,-59997,-10887,-1315,-46309,-31766,-40118,-1911,689,-11191,19046,-82101,-43571,-21902,4888,9229,4886,607,-2065,6328,937,-2858,3388,3857,9116,1792,-12806
2025-11-01,3279,59071,33720,6451,111501,37873,94056,7306,5097,22185,0,135900,69505,60865,0,0,0,43057,3894,7,50,5162,5998,0,0,0,59347,3064,60989,28431,4897,54778,38213,51675,14411,3873,7713,36655,33135,27906,33559,8506,10500,6764,30533,1544,10402,848,2550,8708,5925,9303,2860,38408,-215,1918,-5289,-1554,-56723,340,-42381,7105,-1224,-14472,36655,-102765,-41599,-27306,8506,10500,6764,-12524,-2350,10395,798,-2612,2710,5925,9303,2860,-20939
2025-12-01,2326,26028,27231,5028,107460,30761,85347,3732,6203,20769,0,129310,64094,64911,0,0,0,43709,3330,0,829,5950,10637,0,0,0,67584,2714,60695,33965,3517,46954,45478,44254,18734,3499,10936,29910,51519,33197,35004,11227,11381,11028,25008,1839,14652,1425,3115,12356,24289,13728,8221,25973,388,34667,6734,-1511,-60506,14717,-41093,15002,-2704,-9833,29910,-77791,-30897,-29907,11227,11381,11028,-18701,-1491,14652,596,-2835,1719,24289,13728,8221,-41611
2026-01-01,4747,58265,46525,7022,259979,51223,139707,9419,14050,46991,0,295022,207302,286427,0,0,0,165998,5956,1,1134,17614,24312,0,0,0,124139,3688,89175,27808,3561,62842,70363,54416,18834,2648,17268,35419,64548,41974,60385,11687,13894,15614,34102,2673,17381,1897,4098,16969,26738,10153,7809,16481,-1059,30910,-18717,-3461,-197137,19140,-85291,9415,-11402,-29723,35419,-230474,-165328,-226042,11687,13894,15614,-131896,-3283,17380,763,-13516,-7343,26738,10153,7809,-107658
2026-02-01,5995,56632,39831,5802,263748,61143,148489,11662,10167,70201,0,218545,129711,301389,0,0,0,152121,7837,0,528,8899,22378,0,0,1,114962,2529,61686,28857,3830,35698,44026,31957,16298,2528,10458,32807,86150,28908,28667,10740,9053,13115,29305,1769,21066,3097,2813,8597,24805,7280,6517,20524,-3466,5054,-10974,-1972,-228050,-17117,-116532,4636,-7639,-59743,32807,-132395,-100803,-272722,10740,9053,13115,-122816,-6068,21066,2569,-6086,-13781,24805,7280,6516,-94438
